{
  "vocabulary": {
    "got": 5,
    "him": 6,
    "accurate": 0,
    "af": 3,
    "accurate af": 1,
    "that": 7,
    "wtf": 8,
    "asf": 4,
    "accurate asf": 2
  },
  "idf": [
    1.9555114450274362,
    2.466337068793427,
    2.466337068793427,
    2.466337068793427,
    2.466337068793427,
    2.466337068793427,
    2.466337068793427,
    2.466337068793427,
    2.466337068793427
  ],
  "coefficients": [
    [
      -0.17340684815618138,
      -0.10935239951618458,
      -0.10935239951618458,
      -0.10935239951618458,
      -0.10935239951618458,
      0.3072390614261119,
      0.3072390614261119,
      1.1208597333283519,
      -0.5077118789649666
    ],
    [
      -0.15931615757221296,
      -0.100466644180794,
      -0.100466644180794,
      -0.100466644180794,
      -0.100466644180794,
      -0.20695003907475312,
      -0.20695003907475312,
      -0.4060198256720435,
      1.2751686666200666
    ],
    [
      0.33272300572839436,
      0.2098190436969786,
      0.2098190436969786,
      0.2098190436969786,
      0.2098190436969786,
      -0.10028902235135873,
      -0.10028902235135873,
      -0.7148399076563084,
      -0.7674567876551001
    ]
  ],
  "intercept": [
    -0.1900747595851652,
    -0.2927360992784467,
    0.48281085886361097
  ],
  "classes": [
    "Negative",
    "Neutral",
    "Positive"
  ],
  "ngram_range": [
    1,
    2
  ],
  "model_type": "logistic_regression",
  "version": "1.0"
}